<?xml version="1.0" encoding="UTF-8"?>
<project-private xmlns="http://www.netbeans.org/ns/project-private/1">
    <editor-bookmarks xmlns="http://www.netbeans.org/ns/editor-bookmarks/2" lastBookmarkId="0"/>
    <open-files xmlns="http://www.netbeans.org/ns/projectui-open-files/2">
        <group>
            <file>file:/C:/Users/sebia/Documents/NetBeansProjects/Comandero/src/comandero/Cocinero.java</file>
            <file>file:/C:/Users/sebia/Documents/NetBeansProjects/Comandero/src/comandero/menuItem.java</file>
            <file>file:/C:/Users/sebia/Documents/NetBeansProjects/Comandero/src/comandero/User.java</file>
            <file>file:/C:/Users/sebia/Documents/NetBeansProjects/Comandero/src/comandero/Mozo.java</file>
            <file>file:/C:/Users/sebia/Documents/NetBeansProjects/Comandero/src/comandero/Menu.java</file>
            <file>file:/C:/Users/sebia/Documents/NetBeansProjects/Comandero/src/comandero/Comandero.java</file>
            <file>file:/C:/Users/sebia/Documents/NetBeansProjects/Comandero/src/comandero/Comanda.java</file>
        </group>
    </open-files>
</project-private>
